trial_id,trial_hash,fixture_role,closest_clearance_m,seed,condition,initial_state_hash,parameters_hash,dt_ms,telemetry_bin_ms,input_onset_ms,first_escape_sim_ms,escaped,lc4_spikes,lplc2_spikes,dnp01_spikes,simulated_duration_ms,wall_compute_ms,trace_file
course-01,590cad633ca7da6d5fb0dc03682faad106d07f77566aedd2d2a44984dbfe469e,hit,-0.012000,41001,baseline,68ed95df5f43444cb965c50ce687c7ed81a5dc6b0f70c3d72eff029e7daf3f0b,cc93a21360489eb113e55a3450dd15960dadb1f038a67adf15e1523b695fdb3d,0.5,5.0,100.0,110.5,true,2132,3158,278,800.0,900.002,evidence/traces/course-01-seed-41001-baseline.json
course-01,590cad633ca7da6d5fb0dc03682faad106d07f77566aedd2d2a44984dbfe469e,hit,-0.012000,41001,sensory_outputs_silenced,68ed95df5f43444cb965c50ce687c7ed81a5dc6b0f70c3d72eff029e7daf3f0b,cc93a21360489eb113e55a3450dd15960dadb1f038a67adf15e1523b695fdb3d,0.5,5.0,100.0,,false,2110,3158,0,800.0,486.734,evidence/traces/course-01-seed-41001-sensory_outputs_silenced.json
course-01,590cad633ca7da6d5fb0dc03682faad106d07f77566aedd2d2a44984dbfe469e,hit,-0.012000,41002,baseline,c25a57ab409cd0dc55e55794d262b051eba3651bc1b5ed4d66a1877e5a6ed4be,cc93a21360489eb113e55a3450dd15960dadb1f038a67adf15e1523b695fdb3d,0.5,5.0,100.0,113.0,true,2156,3226,282,800.0,714.241,evidence/traces/course-01-seed-41002-baseline.json
course-01,590cad633ca7da6d5fb0dc03682faad106d07f77566aedd2d2a44984dbfe469e,hit,-0.012000,41002,sensory_outputs_silenced,c25a57ab409cd0dc55e55794d262b051eba3651bc1b5ed4d66a1877e5a6ed4be,cc93a21360489eb113e55a3450dd15960dadb1f038a67adf15e1523b695fdb3d,0.5,5.0,100.0,,false,2136,3226,0,800.0,456.467,evidence/traces/course-01-seed-41002-sensory_outputs_silenced.json
course-01,590cad633ca7da6d5fb0dc03682faad106d07f77566aedd2d2a44984dbfe469e,hit,-0.012000,41003,baseline,d4985c906c92d816b18d327f95f47a2df6669422cb19a490c2daedc91a6065e4,cc93a21360489eb113e55a3450dd15960dadb1f038a67adf15e1523b695fdb3d,0.5,5.0,100.0,113.0,true,2260,3180,286,800.0,777.891,evidence/traces/course-01-seed-41003-baseline.json
course-01,590cad633ca7da6d5fb0dc03682faad106d07f77566aedd2d2a44984dbfe469e,hit,-0.012000,41003,sensory_outputs_silenced,d4985c906c92d816b18d327f95f47a2df6669422cb19a490c2daedc91a6065e4,cc93a21360489eb113e55a3450dd15960dadb1f038a67adf15e1523b695fdb3d,0.5,5.0,100.0,,false,2234,3179,0,800.0,446.643,evidence/traces/course-01-seed-41003-sensory_outputs_silenced.json
course-01,590cad633ca7da6d5fb0dc03682faad106d07f77566aedd2d2a44984dbfe469e,hit,-0.012000,41004,baseline,6896d0b3aea1491a0ef8cc6cd86d30ed7f87feea73c27aa9c4ba46f55e6a507b,cc93a21360489eb113e55a3450dd15960dadb1f038a67adf15e1523b695fdb3d,0.5,5.0,100.0,111.5,true,2201,3110,280,800.0,718.629,evidence/traces/course-01-seed-41004-baseline.json
course-01,590cad633ca7da6d5fb0dc03682faad106d07f77566aedd2d2a44984dbfe469e,hit,-0.012000,41004,sensory_outputs_silenced,6896d0b3aea1491a0ef8cc6cd86d30ed7f87feea73c27aa9c4ba46f55e6a507b,cc93a21360489eb113e55a3450dd15960dadb1f038a67adf15e1523b695fdb3d,0.5,5.0,100.0,,false,2183,3107,0,800.0,443.663,evidence/traces/course-01-seed-41004-sensory_outputs_silenced.json
course-01,590cad633ca7da6d5fb0dc03682faad106d07f77566aedd2d2a44984dbfe469e,hit,-0.012000,41005,baseline,efb5e73d3eafbb4bffd5529a12d3637b5b8831e893d6abeabac2fbfc7d861618,cc93a21360489eb113e55a3450dd15960dadb1f038a67adf15e1523b695fdb3d,0.5,5.0,100.0,111.5,true,2074,3169,279,800.0,694.984,evidence/traces/course-01-seed-41005-baseline.json
course-01,590cad633ca7da6d5fb0dc03682faad106d07f77566aedd2d2a44984dbfe469e,hit,-0.012000,41005,sensory_outputs_silenced,efb5e73d3eafbb4bffd5529a12d3637b5b8831e893d6abeabac2fbfc7d861618,cc93a21360489eb113e55a3450dd15960dadb1f038a67adf15e1523b695fdb3d,0.5,5.0,100.0,,false,2061,3166,0,800.0,454.065,evidence/traces/course-01-seed-41005-sensory_outputs_silenced.json
course-02,fa497d7c6d5f41a7947a72678ecb673ab5fadfa68ca1782dba2a5723666c3dad,hit,-0.008000,41001,baseline,2792fb4103f605f26630d828f4f058747fdda483f25bec1c916cecd90403d21b,cc93a21360489eb113e55a3450dd15960dadb1f038a67adf15e1523b695fdb3d,0.5,5.0,100.0,110.5,true,2090,3217,269,800.0,732.752,evidence/traces/course-02-seed-41001-baseline.json
course-02,fa497d7c6d5f41a7947a72678ecb673ab5fadfa68ca1782dba2a5723666c3dad,hit,-0.008000,41001,sensory_outputs_silenced,2792fb4103f605f26630d828f4f058747fdda483f25bec1c916cecd90403d21b,cc93a21360489eb113e55a3450dd15960dadb1f038a67adf15e1523b695fdb3d,0.5,5.0,100.0,,false,2075,3217,0,800.0,548.303,evidence/traces/course-02-seed-41001-sensory_outputs_silenced.json
course-02,fa497d7c6d5f41a7947a72678ecb673ab5fadfa68ca1782dba2a5723666c3dad,hit,-0.008000,41002,baseline,ea7ee2ba1b00d727b2d4bd3a6af990bda2019f8e8d02bd5a8b867c3c7cee6962,cc93a21360489eb113e55a3450dd15960dadb1f038a67adf15e1523b695fdb3d,0.5,5.0,100.0,112.5,true,2074,3435,279,800.0,720.69,evidence/traces/course-02-seed-41002-baseline.json
course-02,fa497d7c6d5f41a7947a72678ecb673ab5fadfa68ca1782dba2a5723666c3dad,hit,-0.008000,41002,sensory_outputs_silenced,ea7ee2ba1b00d727b2d4bd3a6af990bda2019f8e8d02bd5a8b867c3c7cee6962,cc93a21360489eb113e55a3450dd15960dadb1f038a67adf15e1523b695fdb3d,0.5,5.0,100.0,,false,2058,3435,0,800.0,546.143,evidence/traces/course-02-seed-41002-sensory_outputs_silenced.json
course-02,fa497d7c6d5f41a7947a72678ecb673ab5fadfa68ca1782dba2a5723666c3dad,hit,-0.008000,41003,baseline,ee7efd61da6bdaa1c69472105c2f3c608e7531afdd8042ff798b37c3b091ba99,cc93a21360489eb113e55a3450dd15960dadb1f038a67adf15e1523b695fdb3d,0.5,5.0,100.0,113.5,true,2041,3278,283,800.0,722.725,evidence/traces/course-02-seed-41003-baseline.json
course-02,fa497d7c6d5f41a7947a72678ecb673ab5fadfa68ca1782dba2a5723666c3dad,hit,-0.008000,41003,sensory_outputs_silenced,ee7efd61da6bdaa1c69472105c2f3c608e7531afdd8042ff798b37c3b091ba99,cc93a21360489eb113e55a3450dd15960dadb1f038a67adf15e1523b695fdb3d,0.5,5.0,100.0,,false,2022,3278,0,800.0,538.799,evidence/traces/course-02-seed-41003-sensory_outputs_silenced.json
course-02,fa497d7c6d5f41a7947a72678ecb673ab5fadfa68ca1782dba2a5723666c3dad,hit,-0.008000,41004,baseline,7b71dd765a1e3ee442f97809bc8055354880fa5c6120cd36b5e2f1c3fdab9869,cc93a21360489eb113e55a3450dd15960dadb1f038a67adf15e1523b695fdb3d,0.5,5.0,100.0,111.5,true,2106,3207,282,800.0,839.197,evidence/traces/course-02-seed-41004-baseline.json
course-02,fa497d7c6d5f41a7947a72678ecb673ab5fadfa68ca1782dba2a5723666c3dad,hit,-0.008000,41004,sensory_outputs_silenced,7b71dd765a1e3ee442f97809bc8055354880fa5c6120cd36b5e2f1c3fdab9869,cc93a21360489eb113e55a3450dd15960dadb1f038a67adf15e1523b695fdb3d,0.5,5.0,100.0,,false,2088,3207,0,800.0,572.227,evidence/traces/course-02-seed-41004-sensory_outputs_silenced.json
course-02,fa497d7c6d5f41a7947a72678ecb673ab5fadfa68ca1782dba2a5723666c3dad,hit,-0.008000,41005,baseline,eed398a61b76e305ba70373aecd6270c3ebd0386619096040793bebd28b04454,cc93a21360489eb113e55a3450dd15960dadb1f038a67adf15e1523b695fdb3d,0.5,5.0,100.0,111.0,true,2085,3284,277,800.0,732.011,evidence/traces/course-02-seed-41005-baseline.json
course-02,fa497d7c6d5f41a7947a72678ecb673ab5fadfa68ca1782dba2a5723666c3dad,hit,-0.008000,41005,sensory_outputs_silenced,eed398a61b76e305ba70373aecd6270c3ebd0386619096040793bebd28b04454,cc93a21360489eb113e55a3450dd15960dadb1f038a67adf15e1523b695fdb3d,0.5,5.0,100.0,,false,2071,3284,0,800.0,589.22,evidence/traces/course-02-seed-41005-sensory_outputs_silenced.json
course-03,c6670f382d1a36acea065c24e2c1693899d5e7dafd72bfbf3a35156c2bac91f7,hit,-0.004000,41001,baseline,eb5ba4e5489151f2f459913ac80af0e7731e49fdecafaf3d812eb32eb0d2bf5a,cc93a21360489eb113e55a3450dd15960dadb1f038a67adf15e1523b695fdb3d,0.5,5.0,100.0,110.5,true,2825,3358,237,800.0,732.916,evidence/traces/course-03-seed-41001-baseline.json
course-03,c6670f382d1a36acea065c24e2c1693899d5e7dafd72bfbf3a35156c2bac91f7,hit,-0.004000,41001,sensory_outputs_silenced,eb5ba4e5489151f2f459913ac80af0e7731e49fdecafaf3d812eb32eb0d2bf5a,cc93a21360489eb113e55a3450dd15960dadb1f038a67adf15e1523b695fdb3d,0.5,5.0,100.0,,false,2702,3332,0,800.0,581.02,evidence/traces/course-03-seed-41001-sensory_outputs_silenced.json
course-03,c6670f382d1a36acea065c24e2c1693899d5e7dafd72bfbf3a35156c2bac91f7,hit,-0.004000,41002,baseline,1a7eba11f538098fd724f4d71b5188817fda1736a418640643395fd38d7cefb5,cc93a21360489eb113e55a3450dd15960dadb1f038a67adf15e1523b695fdb3d,0.5,5.0,100.0,111.0,true,2931,3508,245,800.0,721.661,evidence/traces/course-03-seed-41002-baseline.json
course-03,c6670f382d1a36acea065c24e2c1693899d5e7dafd72bfbf3a35156c2bac91f7,hit,-0.004000,41002,sensory_outputs_silenced,1a7eba11f538098fd724f4d71b5188817fda1736a418640643395fd38d7cefb5,cc93a21360489eb113e55a3450dd15960dadb1f038a67adf15e1523b695fdb3d,0.5,5.0,100.0,,false,2790,3445,0,800.0,612.542,evidence/traces/course-03-seed-41002-sensory_outputs_silenced.json
course-03,c6670f382d1a36acea065c24e2c1693899d5e7dafd72bfbf3a35156c2bac91f7,hit,-0.004000,41003,baseline,6cdc8adfc74330d39a31b56494bc5e446d65cd2e0a2eb4e0d49b7bbe51014070,cc93a21360489eb113e55a3450dd15960dadb1f038a67adf15e1523b695fdb3d,0.5,5.0,100.0,111.0,true,2837,3392,242,800.0,711.931,evidence/traces/course-03-seed-41003-baseline.json
course-03,c6670f382d1a36acea065c24e2c1693899d5e7dafd72bfbf3a35156c2bac91f7,hit,-0.004000,41003,sensory_outputs_silenced,6cdc8adfc74330d39a31b56494bc5e446d65cd2e0a2eb4e0d49b7bbe51014070,cc93a21360489eb113e55a3450dd15960dadb1f038a67adf15e1523b695fdb3d,0.5,5.0,100.0,,false,2721,3354,0,800.0,585.121,evidence/traces/course-03-seed-41003-sensory_outputs_silenced.json
course-03,c6670f382d1a36acea065c24e2c1693899d5e7dafd72bfbf3a35156c2bac91f7,hit,-0.004000,41004,baseline,e7bb3710d102cb7b9e3b4093ce57815e935ad0bd75b0f49480dcdd1319ab83d4,cc93a21360489eb113e55a3450dd15960dadb1f038a67adf15e1523b695fdb3d,0.5,5.0,100.0,111.0,true,2817,3473,233,800.0,724.464,evidence/traces/course-03-seed-41004-baseline.json
course-03,c6670f382d1a36acea065c24e2c1693899d5e7dafd72bfbf3a35156c2bac91f7,hit,-0.004000,41004,sensory_outputs_silenced,e7bb3710d102cb7b9e3b4093ce57815e935ad0bd75b0f49480dcdd1319ab83d4,cc93a21360489eb113e55a3450dd15960dadb1f038a67adf15e1523b695fdb3d,0.5,5.0,100.0,,false,2710,3422,0,800.0,803.407,evidence/traces/course-03-seed-41004-sensory_outputs_silenced.json
course-03,c6670f382d1a36acea065c24e2c1693899d5e7dafd72bfbf3a35156c2bac91f7,hit,-0.004000,41005,baseline,689b7e627ad42102c1a0384fd23405fe6f72e83443c82c58fa6913b52f31fade,cc93a21360489eb113e55a3450dd15960dadb1f038a67adf15e1523b695fdb3d,0.5,5.0,100.0,111.0,true,2857,3461,245,800.0,714.567,evidence/traces/course-03-seed-41005-baseline.json
course-03,c6670f382d1a36acea065c24e2c1693899d5e7dafd72bfbf3a35156c2bac91f7,hit,-0.004000,41005,sensory_outputs_silenced,689b7e627ad42102c1a0384fd23405fe6f72e83443c82c58fa6913b52f31fade,cc93a21360489eb113e55a3450dd15960dadb1f038a67adf15e1523b695fdb3d,0.5,5.0,100.0,,false,2728,3413,0,800.0,594.014,evidence/traces/course-03-seed-41005-sensory_outputs_silenced.json
course-04,afd88a7b613eadf6777fa480d7ad0a24c08a8a5992cbdbb83a9dd0bb1d469f51,hit,-0.002000,41001,baseline,3ed00141dfa8389ce12101020e9b6853d7ad7289fbe05084b297abb12e876e76,cc93a21360489eb113e55a3450dd15960dadb1f038a67adf15e1523b695fdb3d,0.5,5.0,100.0,111.0,true,2152,3278,255,800.0,798.406,evidence/traces/course-04-seed-41001-baseline.json
course-04,afd88a7b613eadf6777fa480d7ad0a24c08a8a5992cbdbb83a9dd0bb1d469f51,hit,-0.002000,41001,sensory_outputs_silenced,3ed00141dfa8389ce12101020e9b6853d7ad7289fbe05084b297abb12e876e76,cc93a21360489eb113e55a3450dd15960dadb1f038a67adf15e1523b695fdb3d,0.5,5.0,100.0,,false,2127,3277,0,800.0,663.023,evidence/traces/course-04-seed-41001-sensory_outputs_silenced.json
course-04,afd88a7b613eadf6777fa480d7ad0a24c08a8a5992cbdbb83a9dd0bb1d469f51,hit,-0.002000,41002,baseline,d452fb286c81502b7722d1df99d58f7c45cbb70ee534b65026bd5ca195508636,cc93a21360489eb113e55a3450dd15960dadb1f038a67adf15e1523b695fdb3d,0.5,5.0,100.0,113.0,true,2007,3357,254,800.0,778.383,evidence/traces/course-04-seed-41002-baseline.json
course-04,afd88a7b613eadf6777fa480d7ad0a24c08a8a5992cbdbb83a9dd0bb1d469f51,hit,-0.002000,41002,sensory_outputs_silenced,d452fb286c81502b7722d1df99d58f7c45cbb70ee534b65026bd5ca195508636,cc93a21360489eb113e55a3450dd15960dadb1f038a67adf15e1523b695fdb3d,0.5,5.0,100.0,,false,1990,3357,0,800.0,1115.089,evidence/traces/course-04-seed-41002-sensory_outputs_silenced.json
course-04,afd88a7b613eadf6777fa480d7ad0a24c08a8a5992cbdbb83a9dd0bb1d469f51,hit,-0.002000,41003,baseline,384d655fbc546b5406b1441f412e275b649f63522eafbf053cb7a764b576d925,cc93a21360489eb113e55a3450dd15960dadb1f038a67adf15e1523b695fdb3d,0.5,5.0,100.0,113.0,true,2204,3292,264,800.0,750.928,evidence/traces/course-04-seed-41003-baseline.json
course-04,afd88a7b613eadf6777fa480d7ad0a24c08a8a5992cbdbb83a9dd0bb1d469f51,hit,-0.002000,41003,sensory_outputs_silenced,384d655fbc546b5406b1441f412e275b649f63522eafbf053cb7a764b576d925,cc93a21360489eb113e55a3450dd15960dadb1f038a67adf15e1523b695fdb3d,0.5,5.0,100.0,,false,2181,3292,0,800.0,654.681,evidence/traces/course-04-seed-41003-sensory_outputs_silenced.json
course-04,afd88a7b613eadf6777fa480d7ad0a24c08a8a5992cbdbb83a9dd0bb1d469f51,hit,-0.002000,41004,baseline,b9b534c0b9cc58b6e74de5099c982435ab1a84b63d62220162554314fc08888c,cc93a21360489eb113e55a3450dd15960dadb1f038a67adf15e1523b695fdb3d,0.5,5.0,100.0,112.0,true,2048,3259,258,800.0,766.934,evidence/traces/course-04-seed-41004-baseline.json
course-04,afd88a7b613eadf6777fa480d7ad0a24c08a8a5992cbdbb83a9dd0bb1d469f51,hit,-0.002000,41004,sensory_outputs_silenced,b9b534c0b9cc58b6e74de5099c982435ab1a84b63d62220162554314fc08888c,cc93a21360489eb113e55a3450dd15960dadb1f038a67adf15e1523b695fdb3d,0.5,5.0,100.0,,false,2026,3258,0,800.0,670.879,evidence/traces/course-04-seed-41004-sensory_outputs_silenced.json
course-04,afd88a7b613eadf6777fa480d7ad0a24c08a8a5992cbdbb83a9dd0bb1d469f51,hit,-0.002000,41005,baseline,7a13ec38547d45a2ea56c541ecd3f1f7aee59d3abc6511e246ede029357f49e5,cc93a21360489eb113e55a3450dd15960dadb1f038a67adf15e1523b695fdb3d,0.5,5.0,100.0,112.5,true,2117,3392,262,800.0,742.808,evidence/traces/course-04-seed-41005-baseline.json
course-04,afd88a7b613eadf6777fa480d7ad0a24c08a8a5992cbdbb83a9dd0bb1d469f51,hit,-0.002000,41005,sensory_outputs_silenced,7a13ec38547d45a2ea56c541ecd3f1f7aee59d3abc6511e246ede029357f49e5,cc93a21360489eb113e55a3450dd15960dadb1f038a67adf15e1523b695fdb3d,0.5,5.0,100.0,,false,2104,3392,0,800.0,1058.916,evidence/traces/course-04-seed-41005-sensory_outputs_silenced.json
course-05,9697a755d63a6a460b90bf7446a7d642f567ec4ea230f18faf101d8e82122445,near_miss,0.002000,41001,baseline,0e700f7417565f492bb8ef928738f33dbbfeff7a4abce6f503c468acf8b94f95,cc93a21360489eb113e55a3450dd15960dadb1f038a67adf15e1523b695fdb3d,0.5,5.0,100.0,112.5,true,2061,3224,247,800.0,737.483,evidence/traces/course-05-seed-41001-baseline.json
course-05,9697a755d63a6a460b90bf7446a7d642f567ec4ea230f18faf101d8e82122445,near_miss,0.002000,41001,sensory_outputs_silenced,0e700f7417565f492bb8ef928738f33dbbfeff7a4abce6f503c468acf8b94f95,cc93a21360489eb113e55a3450dd15960dadb1f038a67adf15e1523b695fdb3d,0.5,5.0,100.0,,false,2041,3224,0,800.0,673.768,evidence/traces/course-05-seed-41001-sensory_outputs_silenced.json
course-05,9697a755d63a6a460b90bf7446a7d642f567ec4ea230f18faf101d8e82122445,near_miss,0.002000,41002,baseline,6a240f7ab67c5729b052b36eaf1303683d89a9b9d8f34730867d0879202aa089,cc93a21360489eb113e55a3450dd15960dadb1f038a67adf15e1523b695fdb3d,0.5,5.0,100.0,112.5,true,2142,3168,255,800.0,747.135,evidence/traces/course-05-seed-41002-baseline.json
course-05,9697a755d63a6a460b90bf7446a7d642f567ec4ea230f18faf101d8e82122445,near_miss,0.002000,41002,sensory_outputs_silenced,6a240f7ab67c5729b052b36eaf1303683d89a9b9d8f34730867d0879202aa089,cc93a21360489eb113e55a3450dd15960dadb1f038a67adf15e1523b695fdb3d,0.5,5.0,100.0,,false,2125,3168,0,800.0,684.39,evidence/traces/course-05-seed-41002-sensory_outputs_silenced.json
course-05,9697a755d63a6a460b90bf7446a7d642f567ec4ea230f18faf101d8e82122445,near_miss,0.002000,41003,baseline,1414aaa9cce4335e398a9f14b2db784ada38ec8d27baf37f8dddc18b780e05ef,cc93a21360489eb113e55a3450dd15960dadb1f038a67adf15e1523b695fdb3d,0.5,5.0,100.0,112.0,true,2103,3379,263,800.0,770.157,evidence/traces/course-05-seed-41003-baseline.json
course-05,9697a755d63a6a460b90bf7446a7d642f567ec4ea230f18faf101d8e82122445,near_miss,0.002000,41003,sensory_outputs_silenced,1414aaa9cce4335e398a9f14b2db784ada38ec8d27baf37f8dddc18b780e05ef,cc93a21360489eb113e55a3450dd15960dadb1f038a67adf15e1523b695fdb3d,0.5,5.0,100.0,,false,2087,3378,0,800.0,679.681,evidence/traces/course-05-seed-41003-sensory_outputs_silenced.json
course-05,9697a755d63a6a460b90bf7446a7d642f567ec4ea230f18faf101d8e82122445,near_miss,0.002000,41004,baseline,1df979143119ac0151bc89df012077f0f77b2b3d4a828e7a4228147b56d39b1f,cc93a21360489eb113e55a3450dd15960dadb1f038a67adf15e1523b695fdb3d,0.5,5.0,100.0,112.5,true,2106,3351,261,800.0,753.88,evidence/traces/course-05-seed-41004-baseline.json
course-05,9697a755d63a6a460b90bf7446a7d642f567ec4ea230f18faf101d8e82122445,near_miss,0.002000,41004,sensory_outputs_silenced,1df979143119ac0151bc89df012077f0f77b2b3d4a828e7a4228147b56d39b1f,cc93a21360489eb113e55a3450dd15960dadb1f038a67adf15e1523b695fdb3d,0.5,5.0,100.0,,false,2083,3351,0,800.0,689.91,evidence/traces/course-05-seed-41004-sensory_outputs_silenced.json
course-05,9697a755d63a6a460b90bf7446a7d642f567ec4ea230f18faf101d8e82122445,near_miss,0.002000,41005,baseline,302ba7d6d361bf4f55a13e5c222c54b56b9ee79d520457d2755b622557a9f0ce,cc93a21360489eb113e55a3450dd15960dadb1f038a67adf15e1523b695fdb3d,0.5,5.0,100.0,113.0,true,2103,3244,251,800.0,747.003,evidence/traces/course-05-seed-41005-baseline.json
course-05,9697a755d63a6a460b90bf7446a7d642f567ec4ea230f18faf101d8e82122445,near_miss,0.002000,41005,sensory_outputs_silenced,302ba7d6d361bf4f55a13e5c222c54b56b9ee79d520457d2755b622557a9f0ce,cc93a21360489eb113e55a3450dd15960dadb1f038a67adf15e1523b695fdb3d,0.5,5.0,100.0,,false,2084,3244,0,800.0,689.108,evidence/traces/course-05-seed-41005-sensory_outputs_silenced.json
course-06,d5a07fd14efa21b24fd8a78c9e2e06781ea9a749cd75fc9874acbfc14a8fd480,near_miss,0.006000,41001,baseline,0b4a623c6f80cf10e9a6216a71efc31b16c0ae56442cf7719d835721d43ad5d3,cc93a21360489eb113e55a3450dd15960dadb1f038a67adf15e1523b695fdb3d,0.5,5.0,100.0,111.5,true,2769,3373,234,800.0,744.335,evidence/traces/course-06-seed-41001-baseline.json
course-06,d5a07fd14efa21b24fd8a78c9e2e06781ea9a749cd75fc9874acbfc14a8fd480,near_miss,0.006000,41001,sensory_outputs_silenced,0b4a623c6f80cf10e9a6216a71efc31b16c0ae56442cf7719d835721d43ad5d3,cc93a21360489eb113e55a3450dd15960dadb1f038a67adf15e1523b695fdb3d,0.5,5.0,100.0,,false,2639,3339,0,800.0,680.495,evidence/traces/course-06-seed-41001-sensory_outputs_silenced.json
course-06,d5a07fd14efa21b24fd8a78c9e2e06781ea9a749cd75fc9874acbfc14a8fd480,near_miss,0.006000,41002,baseline,b2569a71f155fc3d6ec79dfa0d2f2f0ceac8c0958b2ea42d30aa8bdb727f017e,cc93a21360489eb113e55a3450dd15960dadb1f038a67adf15e1523b695fdb3d,0.5,5.0,100.0,112.0,true,2684,3256,230,800.0,808.249,evidence/traces/course-06-seed-41002-baseline.json
course-06,d5a07fd14efa21b24fd8a78c9e2e06781ea9a749cd75fc9874acbfc14a8fd480,near_miss,0.006000,41002,sensory_outputs_silenced,b2569a71f155fc3d6ec79dfa0d2f2f0ceac8c0958b2ea42d30aa8bdb727f017e,cc93a21360489eb113e55a3450dd15960dadb1f038a67adf15e1523b695fdb3d,0.5,5.0,100.0,,false,2591,3231,0,800.0,1165.658,evidence/traces/course-06-seed-41002-sensory_outputs_silenced.json
course-06,d5a07fd14efa21b24fd8a78c9e2e06781ea9a749cd75fc9874acbfc14a8fd480,near_miss,0.006000,41003,baseline,55d2fea9e809691db3f638d128d5159535a645c8a5789d206d40dcc9659a0041,cc93a21360489eb113e55a3450dd15960dadb1f038a67adf15e1523b695fdb3d,0.5,5.0,100.0,112.5,true,2748,3412,243,800.0,740.43,evidence/traces/course-06-seed-41003-baseline.json
course-06,d5a07fd14efa21b24fd8a78c9e2e06781ea9a749cd75fc9874acbfc14a8fd480,near_miss,0.006000,41003,sensory_outputs_silenced,55d2fea9e809691db3f638d128d5159535a645c8a5789d206d40dcc9659a0041,cc93a21360489eb113e55a3450dd15960dadb1f038a67adf15e1523b695fdb3d,0.5,5.0,100.0,,false,2644,3392,0,800.0,673.494,evidence/traces/course-06-seed-41003-sensory_outputs_silenced.json
course-06,d5a07fd14efa21b24fd8a78c9e2e06781ea9a749cd75fc9874acbfc14a8fd480,near_miss,0.006000,41004,baseline,616cc77c6e754cf93878c3d3ea1c015b57031a5803a1bd6ee334b055aebfa3d6,cc93a21360489eb113e55a3450dd15960dadb1f038a67adf15e1523b695fdb3d,0.5,5.0,100.0,111.5,true,2706,3367,235,800.0,714.977,evidence/traces/course-06-seed-41004-baseline.json
course-06,d5a07fd14efa21b24fd8a78c9e2e06781ea9a749cd75fc9874acbfc14a8fd480,near_miss,0.006000,41004,sensory_outputs_silenced,616cc77c6e754cf93878c3d3ea1c015b57031a5803a1bd6ee334b055aebfa3d6,cc93a21360489eb113e55a3450dd15960dadb1f038a67adf15e1523b695fdb3d,0.5,5.0,100.0,,false,2601,3338,0,800.0,657.824,evidence/traces/course-06-seed-41004-sensory_outputs_silenced.json
course-06,d5a07fd14efa21b24fd8a78c9e2e06781ea9a749cd75fc9874acbfc14a8fd480,near_miss,0.006000,41005,baseline,7048a60dea73187e51b8b37860b511324e6ae07119b0eda0f1cb9f6c3f532cbc,cc93a21360489eb113e55a3450dd15960dadb1f038a67adf15e1523b695fdb3d,0.5,5.0,100.0,113.0,true,2709,3260,220,800.0,735.07,evidence/traces/course-06-seed-41005-baseline.json
course-06,d5a07fd14efa21b24fd8a78c9e2e06781ea9a749cd75fc9874acbfc14a8fd480,near_miss,0.006000,41005,sensory_outputs_silenced,7048a60dea73187e51b8b37860b511324e6ae07119b0eda0f1cb9f6c3f532cbc,cc93a21360489eb113e55a3450dd15960dadb1f038a67adf15e1523b695fdb3d,0.5,5.0,100.0,,false,2603,3231,0,800.0,920.193,evidence/traces/course-06-seed-41005-sensory_outputs_silenced.json
course-07,a2625aa0a4530b64ed87c254242afee260dee4873e95c461561e713606b52c39,near_miss,0.013000,41001,baseline,78e44e6973bd413614e74356b5c03ad2ad4e529bd7c7dc31ada586d00508d49f,cc93a21360489eb113e55a3450dd15960dadb1f038a67adf15e1523b695fdb3d,0.5,5.0,100.0,112.5,true,1899,2988,219,800.0,757.034,evidence/traces/course-07-seed-41001-baseline.json
course-07,a2625aa0a4530b64ed87c254242afee260dee4873e95c461561e713606b52c39,near_miss,0.013000,41001,sensory_outputs_silenced,78e44e6973bd413614e74356b5c03ad2ad4e529bd7c7dc31ada586d00508d49f,cc93a21360489eb113e55a3450dd15960dadb1f038a67adf15e1523b695fdb3d,0.5,5.0,100.0,,false,1886,2988,0,800.0,713.897,evidence/traces/course-07-seed-41001-sensory_outputs_silenced.json
course-07,a2625aa0a4530b64ed87c254242afee260dee4873e95c461561e713606b52c39,near_miss,0.013000,41002,baseline,46595df9dc8ab4355df599265bce97f75f43f07fc7c23366ef073d6ccc0b2b10,cc93a21360489eb113e55a3450dd15960dadb1f038a67adf15e1523b695fdb3d,0.5,5.0,100.0,113.0,true,1942,2972,229,800.0,773.279,evidence/traces/course-07-seed-41002-baseline.json
course-07,a2625aa0a4530b64ed87c254242afee260dee4873e95c461561e713606b52c39,near_miss,0.013000,41002,sensory_outputs_silenced,46595df9dc8ab4355df599265bce97f75f43f07fc7c23366ef073d6ccc0b2b10,cc93a21360489eb113e55a3450dd15960dadb1f038a67adf15e1523b695fdb3d,0.5,5.0,100.0,,false,1929,2972,0,800.0,847.726,evidence/traces/course-07-seed-41002-sensory_outputs_silenced.json
course-07,a2625aa0a4530b64ed87c254242afee260dee4873e95c461561e713606b52c39,near_miss,0.013000,41003,baseline,897a773b4ac2a2e6929654f444c89fffb11ed80ce2b151c4e4ec06e9036b3db2,cc93a21360489eb113e55a3450dd15960dadb1f038a67adf15e1523b695fdb3d,0.5,5.0,100.0,112.0,true,1998,3048,233,800.0,1005.217,evidence/traces/course-07-seed-41003-baseline.json
course-07,a2625aa0a4530b64ed87c254242afee260dee4873e95c461561e713606b52c39,near_miss,0.013000,41003,sensory_outputs_silenced,897a773b4ac2a2e6929654f444c89fffb11ed80ce2b151c4e4ec06e9036b3db2,cc93a21360489eb113e55a3450dd15960dadb1f038a67adf15e1523b695fdb3d,0.5,5.0,100.0,,false,1983,3048,0,800.0,855.391,evidence/traces/course-07-seed-41003-sensory_outputs_silenced.json
course-07,a2625aa0a4530b64ed87c254242afee260dee4873e95c461561e713606b52c39,near_miss,0.013000,41004,baseline,900dcb7285fd6191705252997891a2e7c84c0543bb3bdce8213ab5c8da612f61,cc93a21360489eb113e55a3450dd15960dadb1f038a67adf15e1523b695fdb3d,0.5,5.0,100.0,112.5,true,1876,3125,229,800.0,755.702,evidence/traces/course-07-seed-41004-baseline.json
course-07,a2625aa0a4530b64ed87c254242afee260dee4873e95c461561e713606b52c39,near_miss,0.013000,41004,sensory_outputs_silenced,900dcb7285fd6191705252997891a2e7c84c0543bb3bdce8213ab5c8da612f61,cc93a21360489eb113e55a3450dd15960dadb1f038a67adf15e1523b695fdb3d,0.5,5.0,100.0,,false,1863,3125,0,800.0,668.665,evidence/traces/course-07-seed-41004-sensory_outputs_silenced.json
course-07,a2625aa0a4530b64ed87c254242afee260dee4873e95c461561e713606b52c39,near_miss,0.013000,41005,baseline,a10de12e4938b9b39aeb6a0eb8da8be5e6bf1d7084d1a2fb5c4e76ccdbdee3ff,cc93a21360489eb113e55a3450dd15960dadb1f038a67adf15e1523b695fdb3d,0.5,5.0,100.0,113.0,true,1960,3100,230,800.0,798.596,evidence/traces/course-07-seed-41005-baseline.json
course-07,a2625aa0a4530b64ed87c254242afee260dee4873e95c461561e713606b52c39,near_miss,0.013000,41005,sensory_outputs_silenced,a10de12e4938b9b39aeb6a0eb8da8be5e6bf1d7084d1a2fb5c4e76ccdbdee3ff,cc93a21360489eb113e55a3450dd15960dadb1f038a67adf15e1523b695fdb3d,0.5,5.0,100.0,,false,1946,3100,0,800.0,715.491,evidence/traces/course-07-seed-41005-sensory_outputs_silenced.json
course-08,6d3644e5faffef200c4c9bf60296f0308a18576a440cefd765d51e5d1006b0c9,near_miss,0.028000,41001,baseline,b7722a3e66a59d7e3fe6d2280081c06f0e8f81de807596593528a75744d26f94,cc93a21360489eb113e55a3450dd15960dadb1f038a67adf15e1523b695fdb3d,0.5,5.0,100.0,110.5,true,2042,2803,199,800.0,748.742,evidence/traces/course-08-seed-41001-baseline.json
course-08,6d3644e5faffef200c4c9bf60296f0308a18576a440cefd765d51e5d1006b0c9,near_miss,0.028000,41001,sensory_outputs_silenced,b7722a3e66a59d7e3fe6d2280081c06f0e8f81de807596593528a75744d26f94,cc93a21360489eb113e55a3450dd15960dadb1f038a67adf15e1523b695fdb3d,0.5,5.0,100.0,,false,2006,2801,0,800.0,740.134,evidence/traces/course-08-seed-41001-sensory_outputs_silenced.json
course-08,6d3644e5faffef200c4c9bf60296f0308a18576a440cefd765d51e5d1006b0c9,near_miss,0.028000,41002,baseline,06df78432dbb6159b0c348528245fef368c8c2be1ea1f85f0242001f7daa3e30,cc93a21360489eb113e55a3450dd15960dadb1f038a67adf15e1523b695fdb3d,0.5,5.0,100.0,111.0,true,1975,2898,202,800.0,932.895,evidence/traces/course-08-seed-41002-baseline.json
course-08,6d3644e5faffef200c4c9bf60296f0308a18576a440cefd765d51e5d1006b0c9,near_miss,0.028000,41002,sensory_outputs_silenced,06df78432dbb6159b0c348528245fef368c8c2be1ea1f85f0242001f7daa3e30,cc93a21360489eb113e55a3450dd15960dadb1f038a67adf15e1523b695fdb3d,0.5,5.0,100.0,,false,1953,2893,0,800.0,1170.29,evidence/traces/course-08-seed-41002-sensory_outputs_silenced.json
course-08,6d3644e5faffef200c4c9bf60296f0308a18576a440cefd765d51e5d1006b0c9,near_miss,0.028000,41003,baseline,b30764f1ffc539c4e19a621aec8c87a38729ef5bb7546eeb7715fa3517d1995a,cc93a21360489eb113e55a3450dd15960dadb1f038a67adf15e1523b695fdb3d,0.5,5.0,100.0,112.5,true,1973,2882,190,800.0,949.73,evidence/traces/course-08-seed-41003-baseline.json
course-08,6d3644e5faffef200c4c9bf60296f0308a18576a440cefd765d51e5d1006b0c9,near_miss,0.028000,41003,sensory_outputs_silenced,b30764f1ffc539c4e19a621aec8c87a38729ef5bb7546eeb7715fa3517d1995a,cc93a21360489eb113e55a3450dd15960dadb1f038a67adf15e1523b695fdb3d,0.5,5.0,100.0,,false,1935,2880,0,800.0,708.248,evidence/traces/course-08-seed-41003-sensory_outputs_silenced.json
course-08,6d3644e5faffef200c4c9bf60296f0308a18576a440cefd765d51e5d1006b0c9,near_miss,0.028000,41004,baseline,cbfbcdf15c09dd3ebda4e7edf4b93ef3868bf235fc13d10f7f5404c02c5793d7,cc93a21360489eb113e55a3450dd15960dadb1f038a67adf15e1523b695fdb3d,0.5,5.0,100.0,110.5,true,2066,2852,199,800.0,749.251,evidence/traces/course-08-seed-41004-baseline.json
course-08,6d3644e5faffef200c4c9bf60296f0308a18576a440cefd765d51e5d1006b0c9,near_miss,0.028000,41004,sensory_outputs_silenced,cbfbcdf15c09dd3ebda4e7edf4b93ef3868bf235fc13d10f7f5404c02c5793d7,cc93a21360489eb113e55a3450dd15960dadb1f038a67adf15e1523b695fdb3d,0.5,5.0,100.0,,false,2030,2850,0,800.0,1084.245,evidence/traces/course-08-seed-41004-sensory_outputs_silenced.json
course-08,6d3644e5faffef200c4c9bf60296f0308a18576a440cefd765d51e5d1006b0c9,near_miss,0.028000,41005,baseline,1dd064819909a54368e883ab1587d792b6a295f450209a49d24f797307097dd5,cc93a21360489eb113e55a3450dd15960dadb1f038a67adf15e1523b695fdb3d,0.5,5.0,100.0,112.5,true,1989,2874,194,800.0,741.392,evidence/traces/course-08-seed-41005-baseline.json
course-08,6d3644e5faffef200c4c9bf60296f0308a18576a440cefd765d51e5d1006b0c9,near_miss,0.028000,41005,sensory_outputs_silenced,1dd064819909a54368e883ab1587d792b6a295f450209a49d24f797307097dd5,cc93a21360489eb113e55a3450dd15960dadb1f038a67adf15e1523b695fdb3d,0.5,5.0,100.0,,false,1958,2869,0,800.0,808.031,evidence/traces/course-08-seed-41005-sensory_outputs_silenced.json
course-09,8bd0fc141c66b61d24e62c3934a67eec7f22ae8ec7525271902f1a90cc9541b4,static,0.184977,41001,baseline,dd9476dfcdd6d0adb2327099cc33529901359a2a0c731e2681b97cbed40b16b5,cc93a21360489eb113e55a3450dd15960dadb1f038a67adf15e1523b695fdb3d,0.5,5.0,100.0,,false,0,0,0,800.0,429.168,evidence/traces/course-09-seed-41001-baseline.json
course-09,8bd0fc141c66b61d24e62c3934a67eec7f22ae8ec7525271902f1a90cc9541b4,static,0.184977,41001,sensory_outputs_silenced,dd9476dfcdd6d0adb2327099cc33529901359a2a0c731e2681b97cbed40b16b5,cc93a21360489eb113e55a3450dd15960dadb1f038a67adf15e1523b695fdb3d,0.5,5.0,100.0,,false,0,0,0,800.0,426.886,evidence/traces/course-09-seed-41001-sensory_outputs_silenced.json
course-09,8bd0fc141c66b61d24e62c3934a67eec7f22ae8ec7525271902f1a90cc9541b4,static,0.184977,41002,baseline,07b1c50cec367571db16c8c11e682a4035c57a5b52d45ae6d6a028dc773e76e1,cc93a21360489eb113e55a3450dd15960dadb1f038a67adf15e1523b695fdb3d,0.5,5.0,100.0,,false,0,0,0,800.0,426.64,evidence/traces/course-09-seed-41002-baseline.json
course-09,8bd0fc141c66b61d24e62c3934a67eec7f22ae8ec7525271902f1a90cc9541b4,static,0.184977,41002,sensory_outputs_silenced,07b1c50cec367571db16c8c11e682a4035c57a5b52d45ae6d6a028dc773e76e1,cc93a21360489eb113e55a3450dd15960dadb1f038a67adf15e1523b695fdb3d,0.5,5.0,100.0,,false,0,0,0,800.0,412.73,evidence/traces/course-09-seed-41002-sensory_outputs_silenced.json
course-09,8bd0fc141c66b61d24e62c3934a67eec7f22ae8ec7525271902f1a90cc9541b4,static,0.184977,41003,baseline,4360c84ae465288904c3f1996c43b82fd1919ef00eb41164bbec559ff776a0bf,cc93a21360489eb113e55a3450dd15960dadb1f038a67adf15e1523b695fdb3d,0.5,5.0,100.0,,false,0,0,0,800.0,426.569,evidence/traces/course-09-seed-41003-baseline.json
course-09,8bd0fc141c66b61d24e62c3934a67eec7f22ae8ec7525271902f1a90cc9541b4,static,0.184977,41003,sensory_outputs_silenced,4360c84ae465288904c3f1996c43b82fd1919ef00eb41164bbec559ff776a0bf,cc93a21360489eb113e55a3450dd15960dadb1f038a67adf15e1523b695fdb3d,0.5,5.0,100.0,,false,0,0,0,800.0,433.927,evidence/traces/course-09-seed-41003-sensory_outputs_silenced.json
course-09,8bd0fc141c66b61d24e62c3934a67eec7f22ae8ec7525271902f1a90cc9541b4,static,0.184977,41004,baseline,b7cf6e78f63074901f3ef8cacb8b86418c6289de2146307d48c1084fe8292cc6,cc93a21360489eb113e55a3450dd15960dadb1f038a67adf15e1523b695fdb3d,0.5,5.0,100.0,,false,0,0,0,800.0,426.106,evidence/traces/course-09-seed-41004-baseline.json
course-09,8bd0fc141c66b61d24e62c3934a67eec7f22ae8ec7525271902f1a90cc9541b4,static,0.184977,41004,sensory_outputs_silenced,b7cf6e78f63074901f3ef8cacb8b86418c6289de2146307d48c1084fe8292cc6,cc93a21360489eb113e55a3450dd15960dadb1f038a67adf15e1523b695fdb3d,0.5,5.0,100.0,,false,0,0,0,800.0,434.371,evidence/traces/course-09-seed-41004-sensory_outputs_silenced.json
course-09,8bd0fc141c66b61d24e62c3934a67eec7f22ae8ec7525271902f1a90cc9541b4,static,0.184977,41005,baseline,a4ea64a69980911cf1a00e7c4d69d190a4efe6474e1a2fd5a8204f32f9b8afe7,cc93a21360489eb113e55a3450dd15960dadb1f038a67adf15e1523b695fdb3d,0.5,5.0,100.0,,false,0,0,0,800.0,482.041,evidence/traces/course-09-seed-41005-baseline.json
course-09,8bd0fc141c66b61d24e62c3934a67eec7f22ae8ec7525271902f1a90cc9541b4,static,0.184977,41005,sensory_outputs_silenced,a4ea64a69980911cf1a00e7c4d69d190a4efe6474e1a2fd5a8204f32f9b8afe7,cc93a21360489eb113e55a3450dd15960dadb1f038a67adf15e1523b695fdb3d,0.5,5.0,100.0,,false,0,0,0,800.0,431.522,evidence/traces/course-09-seed-41005-sensory_outputs_silenced.json
course-10,9e4e86aaa8ceb1c263b4cb7ed6be993b47868f34778c75bcb9e020250a06eec5,receding,0.089980,41001,baseline,78b8a4001f7575addcfb2de4001271cfa0f5eec808eb5aefdd24d2fee1fa4fce,cc93a21360489eb113e55a3450dd15960dadb1f038a67adf15e1523b695fdb3d,0.5,5.0,100.0,,false,0,0,0,800.0,684.191,evidence/traces/course-10-seed-41001-baseline.json
course-10,9e4e86aaa8ceb1c263b4cb7ed6be993b47868f34778c75bcb9e020250a06eec5,receding,0.089980,41001,sensory_outputs_silenced,78b8a4001f7575addcfb2de4001271cfa0f5eec808eb5aefdd24d2fee1fa4fce,cc93a21360489eb113e55a3450dd15960dadb1f038a67adf15e1523b695fdb3d,0.5,5.0,100.0,,false,0,0,0,800.0,688.46,evidence/traces/course-10-seed-41001-sensory_outputs_silenced.json
course-10,9e4e86aaa8ceb1c263b4cb7ed6be993b47868f34778c75bcb9e020250a06eec5,receding,0.089980,41002,baseline,7acf1ca4198ac73b0b7121fe1c980a8bbb30c9bda782962d65ea1d2a2d6316ac,cc93a21360489eb113e55a3450dd15960dadb1f038a67adf15e1523b695fdb3d,0.5,5.0,100.0,,false,0,0,0,800.0,667.244,evidence/traces/course-10-seed-41002-baseline.json
course-10,9e4e86aaa8ceb1c263b4cb7ed6be993b47868f34778c75bcb9e020250a06eec5,receding,0.089980,41002,sensory_outputs_silenced,7acf1ca4198ac73b0b7121fe1c980a8bbb30c9bda782962d65ea1d2a2d6316ac,cc93a21360489eb113e55a3450dd15960dadb1f038a67adf15e1523b695fdb3d,0.5,5.0,100.0,,false,0,0,0,800.0,654.863,evidence/traces/course-10-seed-41002-sensory_outputs_silenced.json
course-10,9e4e86aaa8ceb1c263b4cb7ed6be993b47868f34778c75bcb9e020250a06eec5,receding,0.089980,41003,baseline,364a6f4a5149ce7ab53c62e126650c2860e00c6cd30a8c90f8f619bc31fc1f28,cc93a21360489eb113e55a3450dd15960dadb1f038a67adf15e1523b695fdb3d,0.5,5.0,100.0,,false,0,0,0,800.0,689.495,evidence/traces/course-10-seed-41003-baseline.json
course-10,9e4e86aaa8ceb1c263b4cb7ed6be993b47868f34778c75bcb9e020250a06eec5,receding,0.089980,41003,sensory_outputs_silenced,364a6f4a5149ce7ab53c62e126650c2860e00c6cd30a8c90f8f619bc31fc1f28,cc93a21360489eb113e55a3450dd15960dadb1f038a67adf15e1523b695fdb3d,0.5,5.0,100.0,,false,0,0,0,800.0,705.668,evidence/traces/course-10-seed-41003-sensory_outputs_silenced.json
course-10,9e4e86aaa8ceb1c263b4cb7ed6be993b47868f34778c75bcb9e020250a06eec5,receding,0.089980,41004,baseline,3c6fe9520b700f59fbf497627f48c1694b8c91d1be986f63557accac03b82d35,cc93a21360489eb113e55a3450dd15960dadb1f038a67adf15e1523b695fdb3d,0.5,5.0,100.0,,false,0,0,0,800.0,1085.871,evidence/traces/course-10-seed-41004-baseline.json
course-10,9e4e86aaa8ceb1c263b4cb7ed6be993b47868f34778c75bcb9e020250a06eec5,receding,0.089980,41004,sensory_outputs_silenced,3c6fe9520b700f59fbf497627f48c1694b8c91d1be986f63557accac03b82d35,cc93a21360489eb113e55a3450dd15960dadb1f038a67adf15e1523b695fdb3d,0.5,5.0,100.0,,false,0,0,0,800.0,999.878,evidence/traces/course-10-seed-41004-sensory_outputs_silenced.json
course-10,9e4e86aaa8ceb1c263b4cb7ed6be993b47868f34778c75bcb9e020250a06eec5,receding,0.089980,41005,baseline,2a6266062d8fb13aeff4187ee418559e8019abfc663fd1d9a0a38447e10e8578,cc93a21360489eb113e55a3450dd15960dadb1f038a67adf15e1523b695fdb3d,0.5,5.0,100.0,,false,0,0,0,800.0,686.834,evidence/traces/course-10-seed-41005-baseline.json
course-10,9e4e86aaa8ceb1c263b4cb7ed6be993b47868f34778c75bcb9e020250a06eec5,receding,0.089980,41005,sensory_outputs_silenced,2a6266062d8fb13aeff4187ee418559e8019abfc663fd1d9a0a38447e10e8578,cc93a21360489eb113e55a3450dd15960dadb1f038a67adf15e1523b695fdb3d,0.5,5.0,100.0,,false,0,0,0,800.0,698.077,evidence/traces/course-10-seed-41005-sensory_outputs_silenced.json
